,precision,recall,f1s,mcc,fdc
ID,0.9380956759844551,0.9649499941069607,0.9511352636097572,0.9024180048687335,0.73055069879994
NOD,0.9310213032581454,0.7683945221445221,0.8405688375638775,0.8269453006808323,0.73055069879994
OD,0.9258379034477173,0.9364423180241591,0.9307138795818011,0.885823298696938,0.73055069879994
average,0.9316516275634393,0.8899289447585472,0.9074726602518118,0.871728868082168,0.7305506987999401
