,precision,recall,f1s,mcc,fdc
ID,0.9431068904778952,0.9601110672325281,0.9513908895572172,0.9013748415568041,0.7488318738728311
NOD,0.9331002331002332,0.7826032464267757,0.8412315462315462,0.833665383083647,0.7488318738728311
OD,0.9282699088984815,0.9429543338697698,0.934914607822274,0.8935459613997796,0.7488318738728311
average,0.9348256774922032,0.8952228825096912,0.9091790145370124,0.8761953953467435,0.7488318738728311
