,precision,recall,f1s,mcc,fdc
ID,0.9317748680103721,0.9501894329672849,0.9401800416884921,0.8815234771390502,0.7236163452669306
NOD,0.9024963924963926,0.7666744487396662,0.8207925922023286,0.8101987887149791,0.7236163452669306
OD,0.9192269275812919,0.9426463133605992,0.93028796232724,0.8858022709441246,0.7236163452669306
average,0.9178327293626856,0.88650339835585,0.8970868654060201,0.8591748455993846,0.7236163452669307
