,precision,recall,f1s,mcc,fdc
ID,0.7949758279341902,0.8260508235245526,0.8096059371835095,0.6216565059622496,0.3730016755990195
NOD,0.8186056998557,0.6292813069283657,0.696105580018359,0.6768429666039214,0.3730016755990195
OD,0.7479440600798262,0.7598264736104399,0.7516168019887249,0.5954131208075868,0.3730016755990195
average,0.7871751959565721,0.7383862013544528,0.7524427730635311,0.6313041977912527,0.3730016755990195
