,precision,recall,f1s,mcc,fdc
ID,0.7999313027917258,0.8397750155886063,0.8190670247264246,0.6417930358352375,0.38246439905781776
NOD,0.8675868575868575,0.5027641955567652,0.6267053912830404,0.611824308714829,0.38246439905781776
OD,0.7096725158469238,0.8099521773926144,0.7538093351375847,0.6168579520694815,0.38246439905781776
average,0.792396892075169,0.7174971295126621,0.7331939170490166,0.6234917655398493,0.38246439905781776
