,precision,recall,f1s,mcc,fdc
ID,0.8108409636275982,0.8355844214241023,0.8220911616986246,0.6476485369593384,0.39694835751189694
NOD,0.8678840603840603,0.5391072807481476,0.6616228004060722,0.6414579946565023,0.39694835751189694
OD,0.724927456510294,0.8168399145957388,0.7663146781373176,0.6305027610247077,0.39694835751189694
average,0.8012174935073175,0.730510538922663,0.7500095467473381,0.6398697642135162,0.3969483575118969
