,precision,recall,f1s,mcc,fdc
ID,0.9471131371269739,0.9488929872727399,0.9475624867538528,0.892597455110454,0.7513729113533334
NOD,0.9392857142857143,0.7921809236515118,0.8566612051117298,0.8464283889703262,0.7513729113533334
OD,0.917783075142134,0.9630863068435952,0.9392966222517352,0.9034446222423604,0.7513729113533334
average,0.9347273088516074,0.9013867392559489,0.9145067713724392,0.8808234887743801,0.7513729113533335
