,precision,recall,f1s,mcc,fdc
ID,0.9435596159899473,0.9500607331564213,0.9466110090438408,0.8940251443233633,0.7551151873666536
NOD,0.947936507936508,0.7937723387723389,0.8567368537953246,0.849784126219242,0.7551151873666536
OD,0.9254774236284822,0.9582494608178157,0.9407902090715051,0.9021838424653297,0.7551151873666536
average,0.9389911825183125,0.9006941775821921,0.9147126906368902,0.8819977043359785,0.7551151873666536
