,precision,recall,f1s,mcc,fdc
ID,0.9409011038995473,0.9538026438209183,0.9468394385008979,0.8941913542976657,0.7409714583171481
NOD,0.9237229437229437,0.7315508021390374,0.8093168488866151,0.7998521916409672,0.7409714583171481
OD,0.9164179411933583,0.9613606655595819,0.9378146809480044,0.8982231193208886,0.7409714583171481
average,0.9270139962719498,0.8822380371731793,0.8979903227785059,0.8640888884198406,0.7409714583171482
