,precision,recall,f1s,mcc,fdc
ID,0.9372948182868424,0.9547828381949512,0.9456149105317939,0.8912101605393774,0.7539411531716299
NOD,0.9381771006771007,0.7759305400481872,0.8449371598521965,0.8340865251027841,0.7539411531716299
OD,0.9306636312889858,0.9566351475331294,0.9428670298556959,0.9076444918329036,0.7539411531716299
average,0.9353785167509763,0.8957828419254227,0.9111397000798954,0.8776470591583551,0.7539411531716299
