,precision,recall,f1s,mcc,fdc
ID,0.9491954887440743,0.945478070459161,0.9468390346592448,0.8905183779015244,0.7301585828286451
NOD,0.9200000000000002,0.7502169077052978,0.8224093058263211,0.8112607764810139,0.7301585828286451
OD,0.9061252817506569,0.961496270653698,0.9323149599552465,0.8936995657710435,0.7301585828286451
average,0.9251069234982437,0.885730416272719,0.9005211001469374,0.8651595733845273,0.7301585828286451
