,precision,recall,f1s,mcc,fdc
ID,0.9532526719001797,0.9042048716350713,0.9275755699766368,0.8507212385650451,0.6706509591146592
NOD,0.8512942612942613,0.7925222000222,0.8135606609414925,0.7983873986901443,0.6706509591146592
OD,0.8702471356597469,0.9655983823501517,0.9149584070637976,0.8678799668478472,0.6706509591146592
average,0.891598022951396,0.8874418180024742,0.8853648793273089,0.8389962013676788,0.6706509591146593
