,precision,recall,f1s,mcc,fdc
ID,0.9458684331519231,0.9508338104243302,0.9480590891262048,0.8944076722416705,0.7586803985476381
NOD,0.9457070707070707,0.817147435897436,0.8712172973225606,0.8633943737416621,0.7586803985476381
OD,0.9283502853372096,0.9573734394039827,0.9422342443518603,0.9058696431981605,0.7586803985476381
average,0.9399752630654011,0.908451561908583,0.9205035436002085,0.8878905630604977,0.7586803985476381
