,precision,recall,f1s,mcc,fdc
ID,0.9072372370965432,0.9411168507225083,0.9231304679688883,0.8498138279077263,0.6442949918900281
NOD,0.8781168831168833,0.5769652685635658,0.6857360602360603,0.6708672080942061,0.6442949918900281
OD,0.8693899913707328,0.9428140945838053,0.9039918904018673,0.8471124688953001,0.6442949918900281
average,0.8849147038613866,0.8202987379566263,0.8376194728689387,0.7892645016324108,0.6442949918900281
