,precision,recall,f1s,mcc,fdc
ID,0.9895048241518829,0.8473935467593794,0.912657132370159,0.816558463804337,0.654896716126725
NOD,0.8590728715728716,0.9238888888888889,0.8828781847667295,0.8771040070259701,0.654896716126725
OD,0.7876859502235443,0.9885897435897435,0.8755565688164569,0.824336378025728,0.654896716126725
average,0.8787545486494329,0.9199573930793372,0.8903639619844484,0.8393329496186784,0.654896716126725
