,precision,recall,f1s,mcc,fdc
ID,0.9285277449580398,0.9426055162516441,0.9345606242707489,0.8680060068583153,0.6980202761458293
NOD,0.8768939393939394,0.7507608490580626,0.8000838487887825,0.7894630194493895,0.6980202761458293
OD,0.9164189593411132,0.9299513632367631,0.9216534321235965,0.8734658808030487,0.6980202761458293
average,0.9072802145643641,0.8744392428488231,0.8854326350610426,0.8436449690369178,0.6980202761458293
