,precision,recall,f1s,mcc,fdc
ID,0.9449333563588589,0.9507718775290123,0.9470919850688938,0.893415472681118,0.7503928406832382
NOD,0.9377405927405927,0.8038873626373627,0.8598247541931752,0.8506074197944035,0.7503928406832382
OD,0.9242892446948968,0.9544477774384182,0.9379203413958337,0.9008775565358798,0.7503928406832382
average,0.9356543979314494,0.903035672534931,0.9149456935526343,0.8816334830038004,0.7503928406832382
