,precision,recall,f1s,mcc,fdc
ID,0.9347781671960057,0.9507383918216146,0.9422056329361451,0.885256456907827,0.7503450903479791
NOD,0.9405219780219781,0.7961033411033411,0.8515480365630358,0.8453771774274152,0.7503450903479791
OD,0.9311041573867644,0.952279880964765,0.9409071168946671,0.9027381915097724,0.7503450903479791
average,0.9354681008682494,0.8997072046299069,0.911553595464616,0.8777906086150048,0.7503450903479791
