,precision,recall,f1s,mcc,fdc
ID,0.9410781731259282,0.9570184821827086,0.9486327980695508,0.8965514243521359,0.7519412308608284
NOD,0.937687969924812,0.7857469431153642,0.8469696125231124,0.83988446309632,0.7519412308608284
OD,0.9278114650325368,0.9466087837608697,0.9364029220134746,0.8966067971651113,0.7519412308608284
average,0.9355258693610923,0.8964580696863141,0.910668444202046,0.877680894871189,0.7519412308608283
