,precision,recall,f1s,mcc,fdc
ID,0.9465130095182863,0.948288584490814,0.9470291625448487,0.8921973848921045,0.7450238553474946
NOD,0.9410367410367411,0.8134594572094571,0.8673151790737998,0.8580741324078515,0.7450238553474946
OD,0.9178723130494676,0.9604265282570804,0.9384201809720812,0.90130498009203,0.7450238553474946
average,0.9351406878681651,0.9073915233191171,0.91758817419691,0.8838588324639952,0.7450238553474945
