,precision,recall,f1s,mcc,fdc
ID,0.947094380544873,0.9526364288141632,0.9495688518177365,0.8979685038312144,0.7460402933577507
NOD,0.9337710084033614,0.7650584795321638,0.833911977834612,0.8246544102768312,0.7460402933577507
OD,0.914562914999463,0.9544357143844149,0.9337282395140558,0.8928617983077647,0.7460402933577507
average,0.9318094346492325,0.8907102075769139,0.9057363563888016,0.8718282374719367,0.7460402933577507
