,precision,recall,f1s,mcc,fdc
ID,0.9441009019277269,0.9536140638504363,0.9485254490710624,0.8959687035300588,0.7586838683702576
NOD,0.937548285048285,0.8032182364419205,0.8586013815681334,0.850141091951139,0.7586838683702576
OD,0.9300992562525646,0.9552716650824025,0.9419989214097224,0.9056992627386838,0.7586838683702576
average,0.9372494810761922,0.9040346551249199,0.9163752506829729,0.8839363527399605,0.7586838683702576
