,precision,recall,f1s,mcc,fdc
ID,0.9664137493319824,0.9285256089606619,0.9466986227000366,0.8891733178122811,0.7469505242696952
NOD,0.9244935211846977,0.8414451806363571,0.8688961610285139,0.8649916276803745,0.7469505242696952
OD,0.9006776817451291,0.9656203063345921,0.9313774145190186,0.8925591146606191,0.7469505242696952
average,0.930528317420603,0.9118636986438705,0.9156573994158563,0.8822413533844249,0.7469505242696952
