,precision,recall,f1s,mcc,fdc
ID,0.917568992973435,0.9497332761808902,0.9331733218676963,0.8681239704961466,0.6838671856542998
NOD,0.916474358974359,0.5911587213096501,0.7128875021723319,0.7017406622926511,0.6838671856542998
OD,0.8811542784137683,0.9602679386879271,0.9186264977478988,0.8699362587527263,0.6838671856542998
average,0.9050658767871873,0.8337199787261559,0.854895773929309,0.8132669638471747,0.6838671856542998
