,precision,recall,f1s,mcc,fdc
ID,0.9523346359308633,0.9538314737144489,0.9528924692757631,0.9046421900534639,0.7639000253441378
NOD,0.9395205774617539,0.853036408036408,0.8835369532428355,0.8790284036048408,0.7639000253441378
OD,0.9290611185360268,0.9526492633080886,0.939979593356353,0.9021635579752021,0.7639000253441378
average,0.9403054439762147,0.9198390483529818,0.9254696719583172,0.8952780505445022,0.7639000253441378
