,precision,recall,f1s,mcc,fdc
ID,0.9661923008119278,0.930683115055755,0.9478196457863884,0.8930138938296175,0.7579795517416807
NOD,0.9339682539682542,0.8622863247863247,0.8951824672289069,0.8859138024773843,0.7579795517416807
OD,0.9081411354470514,0.9744764124764125,0.9395674302386808,0.9043772874025165,0.7579795517416807
average,0.9361005634090778,0.9224819507728307,0.9275231810846587,0.8944349945698394,0.7579795517416809
