,precision,recall,f1s,mcc,fdc
ID,0.9074534137199637,0.9437298151583867,0.9248213802433268,0.851913697438502,0.6517706786194397
NOD,0.8773781937017231,0.5825413363726057,0.694305958132045,0.6776411437782387,0.6517706786194397
OD,0.8740779952600818,0.945116984783037,0.906423846427589,0.8530124164526042,0.6517706786194397
average,0.8863032008939228,0.8237960454380099,0.8418503949343203,0.7941890858897817,0.6517706786194397
