,precision,recall,f1s,mcc,fdc
ID,0.9436679492258626,0.951369631399159,0.9470978979136957,0.894574088767935,0.7447640127637258
NOD,0.9291452991452992,0.7363877909530083,0.8177070707070706,0.8063297960786622,0.7447640127637258
OD,0.916945528903854,0.9654374227721076,0.9401073003004237,0.9030449435452942,0.7447640127637258
average,0.9299195924250053,0.8843982817080916,0.90163742297373,0.8679829427972972,0.7447640127637257
