,precision,recall,f1s,mcc,fdc
ID,0.9425315330685132,0.9485717810971543,0.9453903381761444,0.8888475372757103,0.7310679536504111
NOD,0.908290043290043,0.7762265512265512,0.8291388125238468,0.8187854034412281,0.7310679536504111
OD,0.9137624715430361,0.9545609634750969,0.9330268876150486,0.8928571031477425,0.7310679536504111
average,0.9215280159671974,0.8931197652662674,0.9025186794383466,0.8668300146215603,0.7310679536504111
