,precision,recall,f1s,mcc,fdc
ID,0.9338362267958479,0.9544447254147057,0.9438561056106479,0.8874968962703591,0.7374090471922058
NOD,0.9520794994479205,0.7418399375560502,0.828958320262668,0.819899675207442,0.7374090471922058
OD,0.9208857259624207,0.9556432446955461,0.9376602730541048,0.8983683770548592,0.7374090471922058
average,0.9356004840687296,0.8839759692221006,0.9034915663091403,0.8685883161775534,0.7374090471922058
