,precision,recall,f1s,mcc,fdc
ID,0.9730149789227956,0.9013239752232727,0.9351589806181364,0.8662850120740766,0.7194285204347725
NOD,0.9125631884455414,0.8570595254418784,0.8797536646360176,0.8707290626367332,0.7194285204347725
OD,0.8693233346830465,0.9767183058698252,0.9191638234179452,0.8759103791550906,0.7194285204347725
average,0.9183005006837947,0.9117006021783253,0.9113588228906998,0.8709748179553002,0.7194285204347725
