,precision,recall,f1s,mcc,fdc
ID,0.9454004977969618,0.9513376560720429,0.948123445127192,0.8952992579459105,0.7512721482399481
NOD,0.9320663650075416,0.8011055121349239,0.8539818452273694,0.846269126206523,0.7512721482399481
OD,0.9268250822422024,0.9588621684625162,0.9422395075716089,0.9054928102309185,0.7512721482399481
average,0.9347639816822353,0.9037684455564943,0.9147815993087235,0.8823537314611173,0.7512721482399481
