,precision,recall,f1s,mcc,fdc
ID,0.9401146904965113,0.9554630050609993,0.9471907527278368,0.8949726428659461,0.7613375505274959
NOD,0.9492185592185592,0.8443102322514087,0.8863587222666507,0.8804411462071734,0.7613375505274959
OD,0.9347289227435684,0.9404555621397727,0.9368429720141828,0.8980667381878014,0.7613375505274959
average,0.941354057486213,0.9134095998173936,0.9234641490028901,0.8911601757536403,0.7613375505274959
