,precision,recall,f1s,mcc,fdc
ID,0.9200377534496009,0.9700618639862583,0.9440645971075645,0.8906640810785611,0.7418608803674465
NOD,0.9278632478632478,0.8562752688487982,0.8849583480859892,0.8762770478830628,0.7418608803674465
OD,0.9516553898379755,0.913442419292592,0.9315054282031203,0.8872088365984885,0.7418608803674465
average,0.9331854637169413,0.9132598507092161,0.9201761244655581,0.8847166551867041,0.7418608803674465
