,precision,recall,f1s,mcc,fdc
ID,0.9463551740166934,0.9562452442004241,0.9507812835620879,0.9000010830632361,0.7552462522306543
NOD,0.9478921078921079,0.7765530303030304,0.851738512501697,0.8407799414904294,0.7552462522306543
OD,0.9206262183031398,0.9598127381616148,0.9390833560086674,0.9024132896691501,0.7552462522306543
average,0.9382911667373137,0.8975370042216898,0.9138677173574842,0.8810647714076052,0.7552462522306543
