,precision,recall,f1s,mcc,fdc
ID,0.9663480308581267,0.9437678353223973,0.9546350251604159,0.9078803522928174,0.7651395952055057
NOD,0.9041651975475504,0.8929403929403931,0.8957230857377917,0.8869079293365798,0.7651395952055057
OD,0.9296628253702591,0.9535782240274399,0.9411996076324959,0.9033858597689056,0.7651395952055057
average,0.933392017925312,0.9300954840967434,0.9305192395102345,0.8993913804661009,0.7651395952055057
