,precision,recall,f1s,mcc,fdc
ID,0.9479586353170125,0.954673455962325,0.950955389796251,0.899397295593328,0.7559266368221199
NOD,0.9390476190476189,0.8302671837965956,0.8698212454760652,0.8647023930206631,0.7559266368221199
OD,0.9300168670327122,0.9517954138092568,0.9403087912388379,0.9035935999973177,0.7559266368221199
average,0.9390077071324479,0.9122453511893925,0.9203618088370513,0.8892310962037696,0.7559266368221199
