,precision,recall,f1s,mcc,fdc
ID,0.9600849694282791,0.952792544554544,0.956117246563022,0.9116575381645278,0.771223335328466
NOD,0.910224358974359,0.8704338716838717,0.8840682743182743,0.8759428807749652,0.771223335328466
OD,0.9277157466253211,0.9550585407266213,0.940374221841153,0.9039109620773379,0.771223335328466
average,0.9326750250093198,0.9260949856550124,0.9268532475741497,0.8971704603389435,0.771223335328466
