,precision,recall,f1s,mcc,fdc
ID,0.9529097251989758,0.9518228911287322,0.9520159558367757,0.9012105030211396,0.7294360113263568
NOD,0.9462957875457876,0.7201855742296919,0.8139237199582027,0.8043551520471424,0.7294360113263568
OD,0.8910138975799855,0.9593079684543099,0.923122353025947,0.8790582307198734,0.7294360113263568
average,0.9300731367749163,0.8771054779375781,0.8963540096069752,0.8615412952627185,0.7294360113263568
